exit,pf_is,pf_oos,mk_is,mk_oos
Ret_96,1.3657,1.6428,100.0,23.7
Ret_96,1.3675,1.6397,100.0,23.7
Ret_96,1.3653,1.5302,100.0,19.6
Ret_96,1.3685,1.6397,100.0,23.7
Ret_72,1.429,1.7471,99.8,49.6
Ret_96,1.4812,2.0441,99.7,51.4
Ret_96,1.3658,1.4998,99.0,19.900000000000002
Ret_96,1.3866,1.6531,100.0,23.400000000000002
Ret_96,1.3746,1.8349,97.39999999999999,40.8
Ret_96,1.3742,1.8349,97.39999999999999,40.8
Ret_96,1.5776,1.659,99.7,39.800000000000004
Ret_96,1.4079,1.8299,99.6,41.099999999999994
Ret_96,1.407,1.8195,99.6,40.6
Ret_72,1.3991,1.577,99.8,43.9
Ret_96,1.4625,1.8706,99.3,45.4
Ret_72,1.5349,1.8416,99.5,57.599999999999994
Ret_72,1.3814,1.7706,99.1,54.900000000000006
Ret_96,1.4037,1.4458,98.9,17.8
Ret_96,1.4147,1.5214,99.9,24.3
Ret_96,1.4273,1.8242,98.4,34.1
Ret_96,1.5249,1.5991,99.8,28.799999999999997
Ret_96,1.3932,1.8175,97.3,36.4
Ret_96,1.421,1.4059,99.9,11.700000000000001
Ret_96,1.3778,1.551,98.2,35.9
Ret_96,1.453,1.6913,99.0,42.0
Ret_96,1.453,1.6913,99.0,42.0
Ret_96,1.3794,1.6579,98.5,39.900000000000006
Ret_96,1.453,1.6913,99.0,42.0
Ret_96,1.3897,1.5566,97.89999999999999,30.4
Ret_96,1.4196,1.6781,97.6,38.9
Ret_72,1.3974,1.4604,99.6,30.7
Ret_96,1.3649,1.608,97.6,35.9
Ret_96,1.391,1.5756,98.4,41.3
Ret_72,1.3674,1.5084,98.6,30.9
Ret_72,1.3754,1.5233,99.5,42.6
Ret_72,1.4141,1.7395,97.7,58.199999999999996
Ret_72,1.4141,1.7395,97.7,58.199999999999996
Ret_72,1.4141,1.7395,97.7,58.199999999999996
Ret_96,1.4358,1.4872,99.4,20.7
Ret_96,1.4118,1.6875,97.2,33.4
Ret_96,1.3685,1.6711,96.5,38.4
Ret_96,1.3856,1.4095,98.4,24.4
Ret_96,1.3636,1.5153,98.2,28.299999999999997
Ret_96,1.3675,1.6397,100.0,23.7
Ret_96,1.494,1.3123,98.3,13.8
Ret_72,1.4966,1.2704,99.3,17.299999999999997
Ret_96,1.4031,1.3202,97.6,11.3
Ret_72,1.4262,1.0793,98.8,3.9
Ret_96,1.4656,1.1711,99.5,7.199999999999999
Ret_72,1.3939,1.0842,99.2,4.0
Ret_96,1.3626,1.5312,98.2,29.099999999999998
Ret_72,1.3809,1.2765,98.3,19.3
Ret_96,1.3932,1.8175,97.3,36.4
Ret_72,1.38,1.7096,95.6,43.0
Ret_96,1.4545,1.3017,98.6,13.200000000000001
Ret_96,1.3644,1.2944,98.3,8.799999999999999
Ret_96,1.5056,1.3411,98.8,17.299999999999997
Ret_96,1.3632,2.055,91.0,60.9
Ret_96,1.4286,1.5928,99.0,41.699999999999996
Ret_72,1.369,1.0869,98.4,5.4
Ret_96,1.3967,1.8175,97.5,36.4
Ret_96,1.3904,1.6262,96.5,41.699999999999996
Ret_96,1.3871,1.3115,98.1,13.200000000000001
Ret_72,1.3836,1.432,98.2,35.199999999999996
Ret_96,1.3641,1.6953,96.0,33.300000000000004
Ret_96,1.4299,1.1185,97.89999999999999,1.6
Ret_72,1.391,1.1999,96.8,11.4
Ret_72,1.4233,1.1394,97.5,10.5
Ret_96,1.6523,1.4001,99.9,25.0
Ret_72,1.3736,1.1746,98.5,8.0
Ret_96,1.5471,1.4422,98.8,27.900000000000002
Ret_72,1.3881,1.3621,98.4,24.9
Ret_96,1.3936,1.4295,97.1,14.7
Ret_96,1.5164,1.4973,99.1,23.799999999999997
Ret_72,1.3922,1.4876,98.1,32.0
Ret_96,1.4687,1.2769,97.8,13.700000000000001
Ret_96,1.3903,1.7544,97.2,45.800000000000004
Ret_96,1.4463,1.5133,98.8,21.8
Ret_96,1.3868,1.7002,97.2,31.7
Ret_96,1.3834,1.4859,97.2,18.5
Ret_96,1.3834,1.4859,97.2,18.5
Ret_96,1.399,1.5441,96.5,37.3
Ret_96,1.4393,1.3269,98.5,10.9
Ret_96,1.3693,0.9545,94.19999999999999,1.2
Ret_96,1.3885,1.7486,96.0,39.300000000000004
Ret_96,1.4197,1.5061,97.39999999999999,22.7
Ret_96,1.3811,2.8839,95.6,68.5
Ret_96,1.4188,1.1864,97.8,7.5
Ret_72,1.3942,1.2789,96.1,21.0
Ret_72,1.3932,1.1825,98.0,12.0
Ret_72,1.446,1.5862,98.0,43.4
Ret_96,1.424,1.2689,99.7,10.8
Ret_96,1.4272,1.707,97.6,40.1
Ret_72,1.3865,1.4252,98.9,30.9
Ret_96,1.427,1.4118,99.9,17.8
Ret_96,1.5298,1.5007,99.8,28.4
Ret_72,1.3669,1.1414,98.0,8.7
Ret_96,1.3839,1.6342,97.89999999999999,27.500000000000004
Ret_96,1.3929,1.271,99.0,12.6
Ret_96,1.4273,1.3305,99.9,5.0
Ret_96,1.4191,1.5272,98.3,22.5
Ret_72,1.3668,1.5666,99.1,35.8
Ret_72,1.4365,1.2902,96.6,27.6
Ret_96,1.4069,1.5811,98.2,34.8
Ret_72,1.3768,1.822,98.9,55.60000000000001
Ret_96,1.39,1.277,99.5,9.0
Ret_96,1.391,1.5756,98.4,41.3
Ret_72,1.3732,1.1657,97.1,12.1
Ret_72,1.3841,1.4779,97.3,40.0
Ret_96,1.4378,1.0054,99.6,1.0999999999999999
Ret_96,1.4397,0.9412,96.5,0.2
Ret_72,1.38,1.7096,95.6,43.0
Ret_96,1.3653,1.5302,100.0,19.6
Ret_96,1.5386,1.2207,99.6,5.8999999999999995
Ret_96,1.376,1.8349,97.39999999999999,40.8
Ret_72,1.3959,1.195,99.0,12.6
Ret_72,1.642,1.3891,100.0,28.7
Ret_72,1.3901,1.4217,98.6,33.4
Ret_96,1.5058,1.3123,99.3,13.8
Ret_96,1.4017,1.5834,99.7,28.9
Ret_96,1.4687,1.2769,97.8,13.700000000000001
Ret_96,1.3686,1.2554,98.5,5.7
Ret_72,1.3863,1.1439,97.3,6.6000000000000005
Ret_72,1.3855,1.1202,96.5,9.700000000000001
Ret_72,1.396,1.341,99.2,32.5
Ret_96,1.3671,1.353,97.39999999999999,12.3
Ret_96,1.5376,1.4839,99.7,22.1
Ret_96,1.4173,1.2898,96.6,16.1
Ret_96,1.441,1.1115,99.7,0.8
Ret_72,1.4561,1.442,98.5,36.7
Ret_96,1.364,1.5685,98.9,25.7
Ret_96,1.5023,1.3506,98.5,18.6
Ret_96,1.5348,1.3415,99.5,19.2
Ret_96,1.3948,1.3335,98.1,14.799999999999999
Ret_96,1.3629,0.9076,94.0,0.6
Ret_72,1.4665,0.9546,98.5,6.3
Ret_72,1.3976,1.4143,98.9,28.799999999999997
Ret_72,1.3901,1.396,99.2,28.599999999999998
Ret_96,1.3637,1.6811,97.2,33.2
Ret_96,1.3884,1.2918,94.3,13.900000000000002
Ret_96,1.3794,1.6579,98.5,39.900000000000006
Ret_96,1.4141,1.6159,97.3,25.7
Ret_96,1.3773,1.6539,95.5,36.6
Ret_72,1.3723,1.2495,97.2,15.7
Ret_72,1.3693,1.2856,96.1,29.099999999999998
Ret_96,1.4505,1.1837,97.8,3.8
Ret_96,1.3766,1.3857,97.6,15.9
Ret_72,1.3722,1.1023,96.7,8.6
Ret_72,1.4024,1.423,99.1,31.7
Ret_96,1.5945,1.2814,99.6,14.799999999999999
Ret_96,1.4191,1.5272,98.3,22.5
Ret_72,1.4819,1.9754,99.7,54.300000000000004
Ret_96,1.3893,1.7791,97.7,45.1
Ret_96,1.4188,1.1864,97.8,7.5
Ret_96,1.5637,1.7068,99.6,44.9
Ret_96,1.3685,1.6397,100.0,23.7
Ret_72,1.4209,1.5946,98.2,46.800000000000004
Ret_96,1.3982,1.3969,95.6,13.600000000000001
Ret_72,1.3984,1.1329,97.39999999999999,8.3
Ret_72,1.4389,1.2868,99.2,15.7
Ret_96,1.3975,1.4057,96.1,26.700000000000003
Ret_96,1.3756,0.9452,95.5,0.7000000000000001
Ret_72,1.4636,1.6476,99.0,60.699999999999996
Ret_96,1.453,1.6913,99.0,42.0
Ret_96,1.4131,1.7242,99.9,36.5
Ret_96,1.4073,1.275,96.3,21.7
Ret_72,1.3628,2.1802,96.8,66.4
Ret_72,1.3951,1.542,97.39999999999999,37.9
Ret_96,1.5386,1.2189,99.6,6.1
Ret_96,1.3932,1.8175,97.3,36.4
Ret_96,1.479,1.3013,98.4,16.7
Ret_96,1.4602,1.2088,99.9,3.9
Ret_96,1.453,1.6913,99.0,42.0
Ret_72,1.38,1.7096,95.6,43.0
Ret_96,1.4216,1.6279,98.3,29.9
Ret_72,1.3779,1.1305,97.2,10.100000000000001
Ret_96,1.3657,1.1462,96.6,4.9
Ret_72,1.3729,1.3149,95.89999999999999,20.1
Ret_72,1.4049,1.4645,98.3,31.7
Ret_72,1.4163,1.3492,99.6,23.799999999999997
Ret_72,1.3904,1.4863,97.5,35.4
Ret_96,1.3781,1.2213,98.1,4.0
Ret_96,1.4142,1.6867,100.0,33.0
Ret_72,1.377,1.3668,99.0,26.200000000000003
Ret_96,1.3725,1.0517,96.7,3.1
Ret_96,1.5146,1.4779,99.1,23.0
Ret_72,1.3653,1.3917,98.4,27.800000000000004
Ret_72,1.431,1.4887,98.3,36.0
Ret_72,1.4127,1.3759,98.7,24.2
Ret_96,1.365,1.7504,99.8,26.400000000000002
Ret_72,1.4272,1.0559,99.5,3.4000000000000004
Ret_96,1.4541,1.6883,98.6,46.300000000000004
Ret_96,1.5071,1.2867,99.4,14.399999999999999
Ret_72,1.3897,1.3889,98.4,28.299999999999997
Ret_72,1.4449,1.1496,98.6,11.4
Ret_72,1.4332,1.1113,98.6,9.5
Ret_72,1.3768,1.822,98.9,55.60000000000001
Ret_96,1.4093,0.9792,98.5,0.8999999999999999
Ret_72,1.3636,1.218,100.0,4.9
Ret_96,1.4933,1.4474,98.6,20.1
Ret_96,1.3704,1.1381,98.5,1.7000000000000002
Ret_96,1.4031,1.3202,97.6,11.3
Ret_96,1.4358,1.4872,99.4,20.7
Ret_96,1.3653,1.2322,93.60000000000001,11.3
Ret_72,1.4272,1.0559,99.5,3.4000000000000004
Ret_72,1.5473,1.0504,100.0,4.5
Ret_72,1.4138,1.3886,99.4,28.199999999999996
Ret_96,1.4093,0.9792,98.5,0.8999999999999999
Ret_72,1.5188,1.245,100.0,11.700000000000001
Ret_96,1.3892,1.3405,98.7,11.5
Ret_96,1.3788,1.0729,99.7,1.7999999999999998
Ret_96,1.431,1.2536,99.0,9.6
Ret_72,1.4516,1.0606,99.8,3.5000000000000004
Ret_96,1.4226,1.7757,98.1,36.8
Ret_96,1.4093,0.982,98.5,0.8999999999999999
Ret_96,1.367,1.8255,97.5,36.9
Ret_96,1.5388,1.2319,99.7,8.200000000000001
Ret_96,1.3662,1.3824,97.2,17.2
Ret_96,1.4093,0.982,98.5,0.8999999999999999
Ret_96,1.3626,1.5312,98.2,29.099999999999998
Ret_96,1.3794,1.6579,98.5,39.900000000000006
Ret_96,1.4219,1.287,97.0,8.4
Ret_96,1.3822,1.3192,96.0,17.7
Ret_96,1.4046,1.3478,97.8,11.5
Ret_96,1.3641,1.6953,96.0,33.300000000000004
Ret_72,1.3698,1.2874,99.4,24.2
Ret_96,1.4116,1.5772,98.4,26.900000000000002
Ret_72,1.4533,1.5208,98.7,35.4
Ret_96,1.4542,2.0087,98.4,43.4
Ret_96,1.4382,1.0724,98.1,1.3
Ret_72,1.3945,1.3253,99.5,30.0
Ret_96,1.4358,1.4872,99.4,20.7
Ret_72,1.4657,1.1348,99.6,6.0
Ret_72,1.4718,1.2725,98.7,21.9
Ret_96,1.415,1.3565,98.7,14.299999999999999
Ret_96,1.4848,1.2527,98.8,9.9
Ret_72,1.3924,1.3365,99.0,19.400000000000002
Ret_96,1.4687,1.2769,97.8,13.700000000000001
Ret_72,1.4355,1.484,99.9,33.2
Ret_72,1.4275,1.497,98.2,38.1
Ret_96,1.3923,1.1984,98.7,8.7
Ret_96,1.3929,1.271,99.0,12.6
Ret_96,1.3936,1.3434,98.4,18.4
Ret_96,1.3855,0.9939,96.2,1.3
Ret_96,1.4058,1.2213,98.1,6.6000000000000005
Ret_72,1.4164,2.0196,96.7,66.5
Ret_72,1.4272,1.0559,99.5,3.4000000000000004
Ret_72,1.3909,1.5281,99.5,37.5
Ret_96,1.3746,1.8349,97.39999999999999,40.8
Ret_72,1.483,1.8537,98.7,59.4
Ret_72,1.3622,1.7068,97.2,46.800000000000004
Ret_96,1.4012,1.1487,97.89999999999999,6.2
Ret_72,1.4524,1.2244,98.4,11.200000000000001
Ret_96,1.4191,1.5272,98.3,22.5
Ret_96,1.4358,1.4872,99.4,20.7
Ret_96,1.391,1.5422,98.4,40.1
Ret_72,1.4781,2.3232,98.8,72.7
Ret_96,1.5116,1.5591,99.0,31.0
Ret_96,1.4138,1.3796,99.7,17.1
Ret_96,1.3663,2.0403,95.39999999999999,55.7
Ret_96,1.4191,1.2538,98.1,10.7
Ret_72,1.4034,1.3967,98.7,29.7
Ret_96,1.4959,1.6026,99.4,31.8
Ret_96,1.3975,1.2725,99.8,8.3
Ret_96,1.3756,0.9452,95.5,0.7000000000000001
Ret_72,1.3976,1.4143,98.9,28.799999999999997
Ret_72,1.4124,1.1781,98.8,8.1
Ret_72,1.3976,1.4143,98.9,28.799999999999997
Ret_96,1.4003,1.4463,95.5,27.800000000000004
Ret_96,1.3855,1.3246,94.5,16.5
Ret_96,1.4516,1.1414,98.3,2.7
Ret_96,1.4888,1.1291,98.8,2.7
Ret_96,1.4277,1.9122,98.2,50.4
Ret_72,1.3637,1.2896,95.1,18.5
Ret_96,1.5945,1.2814,99.6,14.799999999999999
Ret_96,1.3625,1.1174,96.0,5.3
Ret_96,1.3907,1.7002,97.3,31.7
Ret_96,1.4093,0.982,98.5,0.8999999999999999
Ret_96,1.38,1.1969,96.6,10.6
Ret_96,1.3749,1.8706,95.1,41.3
Ret_96,1.3908,1.4393,99.8,20.599999999999998
Ret_72,1.3644,1.0988,96.89999999999999,7.3
Ret_72,1.3702,1.4794,99.7,30.4
Ret_72,1.3622,1.7068,97.2,46.800000000000004
Ret_72,1.4124,1.1781,98.8,8.1
Ret_72,1.3944,1.171,96.3,15.0
Ret_72,1.4432,1.2482,99.9,13.900000000000002
Ret_72,1.4162,1.746,98.5,59.199999999999996
Ret_72,1.3951,1.542,97.39999999999999,37.9
Ret_72,1.4024,1.423,99.1,31.7
Ret_72,1.3961,1.5003,98.1,35.6
Ret_96,1.3869,1.0731,98.9,1.7999999999999998
Ret_72,1.3952,1.0816,98.9,7.3999999999999995
Ret_96,1.4379,1.8882,99.8,36.6
Ret_96,1.3925,0.997,96.0,1.4000000000000001
Ret_96,1.3915,1.7744,97.89999999999999,35.8
Ret_72,1.5278,2.0039,99.7,60.8
Ret_72,1.4405,1.0559,99.6,3.4000000000000004
Ret_72,1.4449,1.1496,98.6,11.4
Ret_72,1.3988,1.4799,98.4,30.7
Ret_96,1.4182,1.2958,97.2,19.400000000000002
Ret_72,1.4,1.4116,97.6,38.5
Ret_96,1.4379,1.7953,98.0,52.2
Ret_72,1.4369,1.5938,99.1,39.800000000000004
Ret_96,1.4992,1.3877,99.0,14.6
Ret_72,1.4049,1.1419,97.89999999999999,10.7
Ret_96,1.4101,1.7592,99.4,38.9
Ret_96,1.3766,1.3857,97.6,15.9
Ret_96,1.407,1.6177,99.9,32.4
Ret_96,1.3984,2.6531,99.2,74.1
Ret_96,1.3984,2.6531,99.2,74.1
Ret_96,1.3798,92853570.0249,98.8,96.3
Ret_96,1.3873,1.509,99.0,22.0
Ret_96,1.3715,2.5876,98.4,74.9
Ret_96,1.393,2.5161,98.0,46.6
Ret_72,1.3638,1.739,98.7,52.800000000000004
Ret_72,1.4623,1.7665,99.4,53.400000000000006
Ret_72,1.4321,1.8703,98.4,67.2
Ret_96,1.384,1.4839,96.89999999999999,34.9
Ret_96,1.384,1.4839,96.89999999999999,34.9
Ret_96,1.5466,2.0287,99.2,66.10000000000001
Ret_72,1.3622,1.8021,98.9,50.6
Ret_72,1.3844,1.9128,98.2,59.0
Ret_96,1.4099,1.4661,98.9,26.6
Ret_72,1.4305,1.5862,99.3,44.5
Ret_96,1.3672,57214793.3023,96.0,89.0
Ret_96,1.3672,68265836.6246,96.0,92.4
Ret_96,1.4019,1.7982,96.6,44.3
Ret_72,1.4678,1.7357,99.5,54.900000000000006
Ret_72,1.4431,1.5002,98.0,53.6
Ret_96,1.3816,1.4075,97.39999999999999,26.200000000000003
Ret_72,1.3822,1.6159,98.9,47.4
Ret_96,1.3661,33653144.7468,97.6,77.7
Ret_72,1.3679,2.21,98.3,63.3
Ret_72,1.3644,1.612,98.9,48.199999999999996
Ret_72,1.4814,1.4715,99.1,51.9
Ret_72,1.4434,1.6182,99.2,49.3
Ret_96,1.3705,1.9147,95.3,60.6
Ret_72,1.3749,1.7686,98.9,53.1
Ret_72,1.4054,1.6069,98.2,49.4
Ret_72,1.3663,2.0344,98.0,55.00000000000001
Ret_72,1.3667,1.5938,98.5,49.8
Ret_72,1.3718,1.6138,98.2,49.4
Ret_96,1.4204,1.8443,98.0,44.3
Ret_72,1.3826,1.57,99.2,43.5
Ret_96,1.3984,1.399,99.9,12.1
Ret_72,1.4306,1.7199,98.8,55.400000000000006
Ret_72,1.3672,1.5655,98.5,45.9
Ret_72,1.3622,1.57,98.9,43.5
Ret_72,1.3622,1.57,98.9,43.5
Ret_72,1.3622,1.57,98.9,43.5
Ret_72,1.3622,1.57,98.9,43.5
Ret_72,1.3622,1.57,98.9,43.5
Ret_72,1.3622,1.57,98.9,43.5
Ret_72,1.3622,1.57,98.9,43.5
Ret_72,1.3622,1.57,98.9,43.5
Ret_72,1.3622,1.57,98.9,43.5
Ret_72,1.3622,1.57,98.9,43.5
Ret_72,1.3622,1.57,98.9,43.5
Ret_72,1.3622,1.57,98.9,43.5
Ret_72,1.3622,1.57,98.9,43.5
Ret_72,1.3622,1.57,98.9,43.5
Ret_72,1.3622,1.57,98.9,43.5
Ret_72,1.3622,1.57,98.9,43.5
Ret_72,1.3622,1.57,98.9,43.5
Ret_72,1.3622,1.57,98.9,43.5
Ret_72,1.3622,1.57,98.9,43.5
Ret_72,1.3622,1.57,98.9,43.5
Ret_72,1.3622,1.57,98.9,43.5
Ret_72,1.3622,1.57,98.9,43.5
Ret_72,1.3622,1.57,98.9,43.5
Ret_72,1.3622,1.57,98.9,43.5
Ret_72,1.3622,1.57,98.9,43.5
Ret_72,1.3622,1.57,98.9,43.5
Ret_72,1.3622,1.57,98.9,43.5
Ret_72,1.3622,1.57,98.9,43.5
Ret_72,1.3622,1.57,98.9,43.5
Ret_72,1.3622,1.57,98.9,43.5
Ret_72,1.3622,1.57,98.9,43.5
Ret_72,1.3622,1.57,98.9,43.5
Ret_72,1.3622,1.57,98.9,43.5
Ret_72,1.3622,1.57,98.9,43.5
Ret_72,1.3622,1.57,98.9,43.5
Ret_72,1.3622,1.57,98.9,43.5
Ret_72,1.3622,1.57,98.9,43.5
Ret_72,1.3622,1.57,98.9,43.5
Ret_72,1.3622,1.57,98.9,43.5
Ret_72,1.3622,1.57,98.9,43.5
Ret_72,1.3622,1.57,98.9,43.5
Ret_72,1.3622,1.57,98.9,43.5
Ret_72,1.3622,1.57,98.9,43.5
Ret_72,1.3622,1.57,98.9,43.5
Ret_72,1.3622,1.57,98.9,43.5
Ret_72,1.3622,1.57,98.9,43.5
Ret_72,1.3622,1.57,98.9,43.5
Ret_72,1.3622,1.57,98.9,43.5
Ret_72,1.3622,1.57,98.9,43.5
Ret_72,1.3622,1.57,98.9,43.5
Ret_72,1.3622,1.57,98.9,43.5
Ret_72,1.3622,1.57,98.9,43.5
Ret_72,1.3622,1.57,98.9,43.5
Ret_72,1.3622,1.57,98.9,43.5
Ret_96,1.3806,51122865.3627,95.8,86.0
Ret_72,1.3622,1.57,98.9,43.5
Ret_72,1.3691,1.5221,99.1,42.699999999999996
Ret_72,1.3622,1.57,98.9,43.5
Ret_72,1.4029,1.5943,98.6,48.4
Ret_72,1.3622,1.57,98.9,43.5
Ret_72,1.3622,1.57,98.9,43.5
Ret_96,1.3827,1.5255,98.8,26.0
Ret_72,1.4142,1.6645,98.7,52.300000000000004
Ret_72,1.3921,1.8513,98.8,63.7
Ret_72,1.3622,1.57,98.9,43.5
Ret_72,1.4644,1.396,98.7,38.4
Ret_72,1.4144,1.4253,97.89999999999999,36.3
Ret_72,1.4386,1.3126,98.8,33.800000000000004
Ret_72,1.3622,1.57,98.9,43.5
Ret_72,1.4038,1.6004,99.8,56.699999999999996
Ret_96,1.4975,1.276,99.3,6.5
Ret_96,1.3723,1.6365,97.39999999999999,38.1
Ret_72,1.3622,1.57,98.9,43.5
Ret_96,1.3717,1.3716,94.3,47.599999999999994
Ret_72,1.3622,1.57,98.9,43.5
Ret_72,1.3978,1.5623,98.8,48.699999999999996
Ret_72,1.3622,1.57,98.9,43.5
Ret_72,1.3622,1.57,98.9,43.5
Ret_72,1.4637,1.5439,99.2,42.8
Ret_96,1.409,1.5447,95.8,41.5
Ret_96,1.48,1.5986,98.6,46.0
Ret_96,1.5237,1.4663,99.4,31.8
Ret_72,1.3622,1.57,98.9,43.5
Ret_72,1.3622,1.57,98.9,43.5
Ret_72,1.3622,1.57,98.9,43.5
Ret_72,1.3622,1.57,98.9,43.5
Ret_72,1.3655,1.1558,99.1,6.4
Ret_72,1.3622,1.57,98.9,43.5
Ret_72,1.3622,1.57,98.9,43.5
Ret_96,1.3984,1.7058,95.7,40.2
Ret_72,1.3895,1.4227,97.6,40.6
Ret_96,1.4039,1.5056,95.7,34.2
Ret_72,1.3767,1.1187,98.1,34.0
Ret_72,1.4481,1.2924,98.0,29.7
Ret_96,1.3693,1.4137,97.8,17.5
Ret_72,1.415,1.4429,98.6,47.8
Ret_96,1.4005,1.4491,99.2,19.400000000000002
Ret_72,1.3622,1.57,98.9,43.5
Ret_96,1.3676,1.5316,97.0,30.8
Ret_96,1.3755,1.1972,95.19999999999999,9.2
Ret_72,1.3622,1.57,98.9,43.5
Ret_72,1.3687,1.2542,96.5,28.4
Ret_72,1.3622,1.57,98.9,43.5
Ret_72,1.3622,1.57,98.9,43.5
Ret_96,1.427,2.677,97.39999999999999,76.1
Ret_72,1.3716,1.6153,98.9,47.599999999999994
Ret_96,1.5186,1.6007,98.8,50.4
Ret_72,1.3622,1.57,98.9,43.5
Ret_96,1.3653,1.5984,95.89999999999999,36.1
Ret_72,1.4534,1.2114,99.2,15.4
Ret_72,1.3644,1.4506,98.0,41.0
Ret_96,1.3631,2.1646,98.9,63.1
Ret_72,1.3622,1.57,98.9,43.5
Ret_72,1.3622,1.57,98.9,43.5
Ret_72,1.3757,1.2771,96.3,25.4
Ret_96,1.4172,1.4946,98.1,41.9
Ret_72,1.5614,1.1597,99.7,11.899999999999999
Ret_72,1.3622,1.57,98.9,43.5
Ret_72,1.3941,1.1485,99.6,18.9
Ret_72,1.3622,1.57,98.9,43.5
Ret_96,1.3644,1.5692,95.7,35.699999999999996
Ret_72,1.3622,1.57,98.9,43.5
Ret_72,1.4226,1.1564,98.7,20.4
Ret_72,1.4198,1.4898,99.2,43.8
Ret_72,1.3622,1.57,98.9,43.5
Ret_72,1.3622,1.57,98.9,43.5
Ret_72,1.3622,1.57,98.9,43.5
Ret_96,1.3984,2.2341,99.2,60.699999999999996
Ret_72,1.3809,1.2866,99.8,17.7
Ret_72,1.3622,1.57,98.9,43.5
Ret_72,1.3622,1.57,98.9,43.5
Ret_96,1.4221,1.8733,98.3,46.7
Ret_96,1.4103,1.2404,99.4,8.1
Ret_72,1.4912,1.7944,99.9,52.5
Ret_72,1.372,1.2275,99.7,21.2
Ret_72,1.3622,1.57,98.9,43.5
Ret_72,1.3622,1.57,98.9,43.5
Ret_72,1.3644,1.5656,98.8,46.300000000000004
Ret_96,1.416,1.5802,99.3,26.5
Ret_72,1.47,1.3356,99.7,24.2
Ret_96,1.5013,1.5958,97.7,39.0
Ret_72,1.3622,1.57,98.9,43.5
Ret_72,1.3969,1.5079,99.1,43.3
Ret_72,1.3826,1.57,99.2,43.5
Ret_96,1.4206,2.627,98.0,58.9
Ret_96,1.3942,1.336,99.4,40.9
Ret_96,1.3641,2.3767,98.0,74.0
Ret_72,1.3663,1.4562,98.4,40.9
Ret_72,1.4098,1.4359,98.0,40.0
Ret_96,1.4024,1.3973,96.0,28.199999999999996
Ret_72,1.393,1.6954,98.6,57.99999999999999
Ret_96,1.5217,1.6007,99.0,50.4
Ret_72,1.3885,1.587,98.7,45.7
Ret_72,1.3622,1.57,98.9,43.5
Ret_72,1.3622,1.57,98.9,43.5
Ret_72,1.4305,1.1165,98.6,13.600000000000001
Ret_96,1.3952,1.5309,99.6,21.5
Ret_72,1.4056,1.4859,99.4,42.199999999999996
Ret_96,1.3677,1.4606,99.5,20.599999999999998
Ret_72,1.4045,1.516,97.39999999999999,44.800000000000004
Ret_72,1.3622,1.57,98.9,43.5
Ret_72,1.3622,1.5103,97.7,44.9
Ret_72,1.4029,1.5943,98.6,48.4
Ret_72,1.3622,1.57,98.9,43.5
Ret_72,1.4074,1.4182,99.2,47.3
Ret_72,1.3745,1.471,98.3,43.8
Ret_72,1.5396,1.4772,100.0,44.1
Ret_72,1.3622,1.57,98.9,43.5
Ret_96,1.383,1.6509,96.8,43.5
Ret_72,1.3622,1.57,98.9,43.5
Ret_72,1.3622,1.57,98.9,43.5
Ret_72,1.3664,1.2847,97.39999999999999,29.2
Ret_72,1.4205,1.5964,99.0,50.5
Ret_96,1.4216,1.4645,98.0,25.3
Ret_72,1.3675,1.0347,98.6,1.5
Ret_72,1.3743,1.5634,98.8,45.300000000000004
Ret_72,1.3941,1.1485,99.6,18.9
Ret_96,1.3672,55086884.4446,96.0,92.60000000000001
Ret_72,1.3622,1.57,98.9,43.5
Ret_72,1.394,1.4682,96.8,50.3
Ret_72,1.3622,1.57,98.9,43.5
Ret_96,1.364,98387626.1263,97.6,97.2
Ret_72,1.4399,1.3443,99.2,32.7
Ret_72,1.371,1.4253,98.5,39.2
Ret_96,1.397,1.5882,97.2,34.0
Ret_96,1.3815,1.6465,96.6,36.1
Ret_72,1.3622,1.57,98.9,43.5
Ret_72,1.429,1.3738,99.4,30.599999999999998
Ret_96,1.3743,1.7691,95.89999999999999,50.8
Ret_72,1.3622,1.57,98.9,43.5
Ret_72,1.3622,1.5758,98.9,43.3
Ret_72,1.3622,1.57,98.9,43.5
Ret_72,1.3999,1.6427,98.9,51.1
Ret_96,1.3984,1.399,99.9,12.1
Ret_72,1.3788,1.5616,98.7,49.4
Ret_72,1.6211,1.2042,99.8,15.7
Ret_72,1.3632,1.3699,98.3,31.5
Ret_96,1.3832,1.3195,98.5,7.9
Ret_96,1.4188,1.503,98.1,33.7
Ret_72,1.3622,1.57,98.9,43.5
Ret_72,1.4337,1.5141,99.4,41.3
Ret_96,1.3868,1.3043,96.89999999999999,18.6
Ret_72,1.4197,1.6556,98.0,59.699999999999996
Ret_72,1.3622,1.57,98.9,43.5
Ret_96,1.3714,1.6157,96.0,33.2
Ret_72,1.4421,1.6552,98.9,52.1
Ret_96,1.3634,1.6099,94.39999999999999,39.7
Ret_72,1.4109,1.4192,99.4,31.5
Ret_72,1.3622,1.57,98.9,43.5
Ret_96,1.4879,1.3871,99.9,14.2
Ret_96,1.3963,1.2472,99.0,16.8
Ret_72,1.3622,1.57,98.9,43.5
Ret_72,1.3622,1.57,98.9,43.5
Ret_96,1.3928,1.4997,99.5,27.700000000000003
Ret_72,1.3801,43914411.9453,98.1,93.2
Ret_72,1.3921,1.8513,98.8,63.7
Ret_96,1.3984,2.2341,99.2,60.699999999999996
Ret_96,1.371,1.6044,97.0,32.9
Ret_72,1.4361,1.4488,98.8,41.099999999999994
Ret_96,1.4436,1.6512,98.1,38.0
Ret_72,1.3752,1.2579,96.2,25.8
Ret_72,1.3622,1.57,98.9,43.5
Ret_96,1.3901,1.1776,97.6,3.6999999999999997
Ret_72,1.3622,1.57,98.9,43.5
Ret_96,1.3672,55086884.4446,96.0,92.60000000000001
Ret_72,1.3622,1.57,98.9,43.5
Ret_96,1.4306,2.0084,99.0,50.5
Ret_72,1.3652,1.7114,97.3,51.1
Ret_96,1.3988,2.2146,97.1,65.4
Ret_72,1.3914,1.7017,98.6,56.99999999999999
Ret_96,1.3731,1.593,99.6,40.9
Ret_96,1.3905,1.5727,97.6,37.7
Ret_96,1.4545,1.6836,98.4,41.4
Ret_96,1.3722,1.4764,95.3,32.4
Ret_96,1.4568,1.8727,99.4,49.1
Ret_96,1.4568,1.8727,99.4,49.1
Ret_96,1.4097,1.7053,96.7,37.6
Ret_96,1.3683,1.6362,98.1,40.2
Ret_96,1.3683,1.6362,98.1,40.2
Ret_96,1.3837,1.519,98.8,26.3
Ret_96,1.3837,1.519,98.8,26.3
Ret_96,1.4025,1.6054,97.5,34.699999999999996
Ret_72,1.4771,1.4102,99.8,35.0
Ret_96,1.4084,1.6533,96.2,37.6
Ret_96,1.4286,1.4678,98.5,19.8
Ret_72,1.4447,1.3487,99.2,30.0
Ret_96,1.3951,1.3945,97.5,23.7
Ret_96,1.3934,1.4999,97.3,26.400000000000002
Ret_72,1.3979,2.5367,98.2,73.9
Ret_96,1.3782,1.4312,98.3,26.1
Ret_72,1.3993,1.5055,98.1,50.4
Ret_72,1.3716,1.2738,99.2,16.400000000000002
Ret_96,1.4024,0.9453,95.89999999999999,15.2
Ret_96,1.3988,2.2146,97.1,65.4
Ret_96,1.3718,1.6353,97.8,33.1
Ret_96,1.3622,1.492,96.39999999999999,27.400000000000002
Ret_72,1.4358,1.2507,98.9,10.9
Ret_72,1.3696,1.3183,98.9,26.5
Ret_96,1.3905,1.5727,97.6,37.7
Ret_96,1.4872,1.2695,99.0,26.8
Ret_72,1.4654,1.2874,99.8,24.7
Ret_72,1.3673,1.0239,96.1,21.099999999999998
Ret_72,1.3745,1.312,98.9,30.2
Ret_96,1.3848,1.4336,96.0,34.300000000000004
Ret_96,1.3837,1.519,98.8,26.3
Ret_96,1.4131,0.6524,96.7,10.2
Ret_96,1.3736,1.464,95.19999999999999,38.9
Ret_96,1.4286,1.4678,98.5,19.8
Ret_72,1.4789,1.6277,99.3,51.2
Ret_96,1.4052,1.6425,99.0,42.9
Ret_96,1.4568,1.8727,99.4,49.1
Ret_72,1.3756,1.5846,98.6,47.3
Ret_96,1.4157,0.7494,96.8,10.6
Ret_96,1.3848,1.4336,96.0,34.300000000000004
Ret_96,1.3938,1.2504,97.5,29.799999999999997
Ret_72,1.3941,0.5288,98.9,5.1
Ret_96,1.394,1.666,97.1,42.8
Ret_72,1.438,1.5668,99.5,38.9
Ret_72,1.3678,1.5385,99.0,48.199999999999996
Ret_96,1.4024,0.9453,95.89999999999999,15.2
Ret_72,1.4358,1.2507,98.9,10.9
Ret_72,1.4146,1.2603,99.6,22.6
Ret_72,1.3802,1.9644,98.5,54.50000000000001
Ret_96,1.3629,1.4453,98.0,33.1
Ret_72,1.4789,1.6277,99.3,51.2
Ret_72,1.3802,1.9644,98.5,54.50000000000001
Ret_96,1.4237,1.3732,96.6,37.7
Ret_96,1.4025,1.6054,97.5,34.699999999999996
Ret_96,1.3657,1.2876,98.3,26.3
Ret_72,1.3825,1.3826,99.0,22.8
Ret_96,1.4014,1.0347,98.1,21.2
Ret_96,1.3781,0.8151,95.19999999999999,14.499999999999998
Ret_72,1.3731,1.0992,99.1,2.1
Ret_96,1.3933,1.4127,98.0,28.4
Ret_96,1.3933,1.4127,98.0,28.4
Ret_96,1.4014,1.0347,98.1,21.2
Ret_96,1.3685,1.4023,97.3,19.8
Ret_96,1.3685,1.4023,97.3,19.8
Ret_96,1.3708,1.2054,99.4,33.1
Ret_96,1.4157,0.7494,96.8,10.6
Ret_96,1.3905,1.5727,97.6,37.7
Ret_96,1.4014,1.0347,98.1,21.2
Ret_72,1.5286,2.0767,99.6,64.4
Ret_72,1.4309,1.3547,99.7,32.2
Ret_72,1.3675,1.305,97.89999999999999,29.099999999999998
Ret_96,1.4246,0.9825,97.2,21.3
Ret_72,1.3745,1.0864,97.6,20.1
Ret_96,1.4154,1.5041,97.89999999999999,37.5
Ret_96,1.3837,1.519,98.8,26.3
Ret_96,1.3837,1.519,98.8,26.3
Ret_72,1.4771,1.4102,99.8,35.0
Ret_96,1.3782,1.4312,98.3,26.1
Ret_96,1.4026,1.4336,95.8,34.300000000000004
Ret_72,1.3696,1.3183,98.9,26.5
Ret_96,1.3698,1.5739,98.6,33.2
Ret_96,1.3935,0.723,95.39999999999999,7.9
Ret_72,1.3716,1.2738,99.2,16.400000000000002
Ret_96,1.4024,0.9453,95.89999999999999,15.2
Ret_96,1.4568,1.8727,99.4,49.1
Ret_72,1.3743,1.533,99.3,32.2
Ret_96,1.4457,2.2319,99.3,64.3
Ret_96,1.3849,1.5371,95.6,32.9
Ret_96,1.3845,0.8195,95.1,12.7
Ret_96,1.3721,1.4757,95.89999999999999,23.9
Ret_96,1.4237,1.3732,96.6,37.7
Ret_96,1.39,1.389,97.89999999999999,18.099999999999998
Ret_96,1.4157,0.7494,96.8,10.6
Ret_96,1.3622,1.492,96.39999999999999,27.400000000000002
Ret_96,1.4796,1.5433,99.0,33.2
Ret_72,1.4539,1.4383,98.7,33.900000000000006
Ret_72,1.3663,1.2676,99.9,13.8
Ret_96,1.4381,0.7886,99.2,11.700000000000001
Ret_72,1.5286,2.0767,99.6,64.4
Ret_96,1.4801,1.2269,98.8,29.7
Ret_96,1.3698,1.5739,98.6,33.2
Ret_72,1.5532,1.1756,99.0,29.4
Ret_96,1.3681,1.5964,99.6,44.3
Ret_96,1.3951,1.3945,97.5,23.7
Ret_72,1.3662,1.1621,99.4,4.3999999999999995
Ret_96,1.3938,1.2504,97.5,29.799999999999997
Ret_72,1.4005,1.2964,97.3,23.799999999999997
Ret_72,1.4597,2.7068,98.9,77.60000000000001
Ret_96,1.3938,1.2504,97.5,29.799999999999997
Ret_72,1.3868,1.311,98.7,31.2
Ret_96,1.4,1.1643,98.9,5.800000000000001
Ret_72,1.4132,1.2752,98.0,30.0
Ret_96,1.3709,1.2926,97.0,13.4
Ret_72,1.3985,0.3699,96.5,10.5
Ret_72,1.3802,1.9644,98.5,54.50000000000001
Ret_72,1.4385,1.3317,99.8,34.9
Ret_72,1.3914,1.7017,98.6,56.99999999999999
Ret_96,1.4246,0.9825,97.2,21.3
Ret_96,1.3683,1.6362,98.1,40.2
Ret_96,1.3722,1.4764,95.3,32.4
Ret_72,1.4052,1.2735,98.4,41.5
Ret_96,1.384,1.673,99.9,22.3
Ret_72,1.4041,1.9403,99.5,45.0
Ret_96,1.4626,1.5413,99.9,21.0
Ret_72,1.3872,1.763,99.2,47.8
Ret_72,1.4012,1.9403,99.5,45.0
Ret_96,1.3733,1.5293,99.6,23.9
Ret_96,1.4766,1.892,97.7,39.2
Ret_72,1.4644,1.9076,99.5,51.0
Ret_72,1.4207,1.7365,99.2,48.8
Ret_96,1.3679,1.8583,95.8,46.300000000000004
Ret_72,1.4116,1.6256,99.1,49.1
Ret_96,1.3655,1.4651,99.8,14.000000000000002
Ret_96,1.4078,2.3219,96.8,43.0
Ret_72,1.4116,1.6256,99.1,49.1
Ret_72,1.3857,1.5888,98.5,49.4
Ret_96,1.4713,1.6833,97.39999999999999,35.4
Ret_72,1.4181,1.8287,98.2,57.8
Ret_96,1.4371,1.5972,98.8,27.800000000000004
Ret_72,1.4101,1.7678,99.6,61.4
Ret_72,1.4122,2.1678,99.1,57.199999999999996
Ret_96,1.4371,1.5972,98.8,27.800000000000004
Ret_96,1.3787,1.3811,99.8,10.0
Ret_72,1.3835,1.6394,98.5,49.3
Ret_96,1.412,1.5732,98.3,32.6
Ret_96,1.4038,2.1069,95.39999999999999,49.8
Ret_96,1.3823,2.1805,95.6,40.6
Ret_96,1.4642,1.6553,98.3,39.800000000000004
Ret_96,1.3892,2.2235,97.0,44.1
Ret_72,1.3836,1.9265,99.3,45.9
Ret_72,1.3651,1.3833,99.7,17.599999999999998
Ret_96,1.5313,1.64,99.0,36.6
Ret_96,1.3884,1.5036,97.39999999999999,33.2
Ret_96,1.4022,1.5861,98.5,29.099999999999998
Ret_72,1.4111,1.4827,99.8,41.6
Ret_96,1.4058,1.3635,99.7,8.799999999999999
Ret_96,1.4058,1.3635,99.7,8.799999999999999
Ret_72,1.4081,1.4682,99.8,41.099999999999994
Ret_96,1.367,1.6192,97.1,34.8
Ret_96,1.3868,2.2597,98.0,43.0
Ret_72,1.4247,1.453,99.0,40.1
Ret_96,1.4905,1.3388,99.9,10.9
Ret_96,1.412,1.5128,98.3,28.1
Ret_96,1.3723,1.4484,99.6,18.2
Ret_72,1.4109,1.7337,98.9,47.3
Ret_72,1.4939,1.4476,100.0,39.5
Ret_96,1.4328,1.652,98.3,35.699999999999996
Ret_72,1.4648,1.574,98.4,45.800000000000004
Ret_72,1.396,1.6353,98.9,46.6
Ret_96,1.3812,1.3865,99.3,15.2
Ret_72,1.3979,1.5129,98.9,39.2
Ret_72,1.4425,1.684,99.1,48.5
Ret_96,1.4516,1.3791,99.8,13.600000000000001
Ret_96,1.4516,1.3791,99.8,13.600000000000001
Ret_96,1.3829,1.3131,99.8,6.1
Ret_72,1.3729,1.7327,97.1,48.1
Ret_72,1.517,1.5942,99.4,46.2
Ret_96,1.4964,1.7018,98.2,36.199999999999996
Ret_96,1.393,1.4897,98.8,19.5
Ret_96,1.3795,1.385,98.2,9.5
Ret_96,1.4185,1.3045,99.4,9.8
Ret_96,1.393,1.0131,96.89999999999999,1.0
Ret_96,1.3629,1.8644,95.5,40.1
Ret_72,1.3934,1.1724,99.3,9.9
Ret_72,1.4222,1.9295,97.39999999999999,57.8
Ret_72,1.3857,1.6114,97.8,46.9
Ret_72,1.3905,1.5815,98.3,42.3
Ret_96,1.3665,1.819,91.2,42.1
Ret_96,1.3692,1.2606,98.9,6.800000000000001
Ret_72,1.4457,1.1609,99.7,8.9
Ret_96,1.384,1.673,99.9,22.3
Ret_72,1.3835,1.6394,98.5,49.3
Ret_72,1.4574,1.1241,99.3,10.0
Ret_72,1.3713,1.4541,97.1,41.9
Ret_72,1.3786,1.5915,99.2,40.0
Ret_96,1.3969,1.3239,99.9,3.9
Ret_72,1.4153,1.7799,99.0,55.900000000000006
Ret_96,1.3978,1.5052,94.69999999999999,26.900000000000002
Ret_72,1.4084,1.3633,99.5,28.299999999999997
Ret_96,1.4627,1.7244,98.6,41.3
Ret_72,1.3988,1.4327,99.0,35.4
Ret_96,1.3794,1.634,97.39999999999999,32.800000000000004
Ret_72,1.4187,2.0869,96.5,54.50000000000001
Ret_72,1.5397,1.5942,99.6,46.2
Ret_96,1.3654,1.5465,98.2,33.0
Ret_72,1.3623,1.2762,97.8,22.0
Ret_96,1.4058,1.7428,99.3,30.4
Ret_96,1.3644,1.4819,96.0,19.5
Ret_96,1.3687,1.3226,99.4,3.9
Ret_96,1.3733,1.5293,99.6,23.9
Ret_72,1.4958,1.5942,99.4,46.2
Ret_96,1.3665,1.819,91.2,42.1
Ret_72,1.3702,1.3238,99.9,17.5
Ret_72,1.426,1.8984,99.0,52.6
Ret_96,1.369,1.533,97.8,27.3
Ret_96,1.3765,1.3311,99.6,4.8
Ret_96,1.3969,1.3547,99.9,7.7
Ret_72,1.3995,0.9872,99.0,1.7000000000000002
Ret_72,1.3786,1.5915,99.2,40.0
Ret_96,1.4381,1.3912,99.9,11.899999999999999
Ret_72,1.4335,1.2891,99.5,25.0
Ret_96,1.5068,1.3095,99.9,7.3999999999999995
Ret_72,1.4041,1.9403,99.5,45.0
Ret_96,1.4203,1.3235,99.6,9.5
Ret_72,1.3939,1.4968,99.5,44.5
Ret_72,1.4116,1.6256,99.1,49.1
Ret_72,1.3857,1.6114,97.8,46.9
Ret_96,1.5068,1.3095,99.9,7.3999999999999995
Ret_96,1.3956,1.3288,97.2,21.099999999999998
Ret_72,1.3867,1.5882,97.6,42.4
Ret_96,1.397,1.3952,99.7,10.4
Ret_96,1.3857,1.8467,95.39999999999999,42.3
Ret_96,1.4429,1.5084,95.39999999999999,27.1
Ret_96,1.3924,1.5407,98.8,24.0
Ret_72,1.3777,1.6323,98.3,46.7
Ret_72,1.3779,1.5163,99.2,42.4
Ret_72,1.3651,1.3833,99.7,17.599999999999998
Ret_72,1.4222,1.9295,97.39999999999999,57.8
Ret_72,1.3904,1.5475,99.1,38.1
Ret_96,1.4055,1.4399,98.9,24.5
Ret_96,1.3657,1.2109,99.6,1.9
Ret_72,1.5331,2.1804,99.8,60.8
Ret_96,1.4964,1.7018,98.2,36.199999999999996
Ret_96,1.3915,1.3157,99.6,4.7
Ret_96,1.4058,1.3635,99.7,8.799999999999999
Ret_96,1.3656,1.0142,95.39999999999999,1.0
Ret_96,1.3734,1.3215,99.7,3.9
Ret_96,1.3632,1.0785,99.4,0.4
Ret_96,1.4192,1.3714,99.8,8.9
Ret_96,1.4085,1.3168,99.2,4.7
Ret_72,1.4116,1.6256,99.1,49.1
Ret_96,1.3665,1.819,91.2,42.1
Ret_72,1.3905,1.5815,98.3,42.3
Ret_96,1.3644,1.4819,96.0,19.5
Ret_96,1.4091,1.9035,96.8,42.6
Ret_72,1.3685,2.051,98.4,55.2
Ret_96,1.486,1.4119,99.4,14.7
Ret_96,1.412,1.5732,98.3,32.6
Ret_96,1.3726,1.3063,99.5,8.1
Ret_72,1.3823,1.276,96.5,26.8
Ret_96,1.3831,1.3721,99.5,8.6
Ret_72,1.3741,1.3506,99.3,24.4
Ret_96,1.3865,1.4045,99.7,10.2
Ret_72,1.4109,1.7337,98.9,47.3
Ret_96,1.4586,1.5132,99.7,23.799999999999997
Ret_72,1.5239,1.6038,99.9,43.4
Ret_96,1.397,1.3952,99.7,10.4
Ret_72,1.3661,1.4217,95.5,33.900000000000006
Ret_72,1.3779,1.2375,94.39999999999999,18.8
Ret_72,1.37,1.5852,99.0,47.599999999999994
Ret_72,1.3753,1.2481,99.9,9.3
Ret_72,1.6574,1.5714,99.8,44.5
Ret_96,1.4003,1.3505,99.7,6.800000000000001
Ret_96,1.3765,1.3311,99.6,4.8
Ret_96,1.4338,1.4475,100.0,14.399999999999999
Ret_96,1.3915,1.3157,99.6,4.7
Ret_96,1.3868,2.2597,98.0,43.0
Ret_72,1.4781,1.7919,99.4,55.400000000000006
Ret_96,1.4067,1.3387,99.6,9.6
Ret_96,1.4457,2.1472,97.0,48.8
Ret_72,1.5691,1.429,99.4,34.1
Ret_96,1.3803,1.3653,99.5,12.8
Ret_96,1.364,1.2578,99.4,4.3
Ret_96,1.4315,2.0708,96.6,48.6
Ret_96,1.3756,1.3879,99.6,13.600000000000001
Ret_96,1.3644,1.4819,96.0,19.5
Ret_72,1.3729,1.7327,97.1,48.1
Ret_96,1.4281,1.7042,95.39999999999999,35.5
Ret_96,1.384,1.1994,95.8,6.6000000000000005
Ret_72,1.3644,1.0579,97.7,3.8
Ret_72,1.3835,1.6394,98.5,49.3
Ret_72,1.3707,1.1648,99.5,6.800000000000001
Ret_72,1.3669,1.2466,97.89999999999999,19.5
Ret_96,1.4258,1.3877,99.2,11.700000000000001
Ret_72,1.3835,1.6394,98.5,49.3
Ret_96,1.3731,1.3622,99.9,9.2
Ret_72,1.3777,1.6323,98.3,46.7
Ret_72,1.3684,2.0637,98.7,52.7
Ret_96,1.4371,2.0774,99.0,48.8
Ret_72,1.3791,1.4332,99.5,31.5
Ret_72,1.3962,1.2818,100.0,9.6
Ret_96,1.3978,1.5052,94.69999999999999,26.900000000000002
Ret_72,1.426,1.8984,99.0,52.6
Ret_72,1.5005,1.2221,99.7,12.4
Ret_72,1.3784,1.3537,99.4,27.1
Ret_72,1.6368,2.0336,100.0,58.099999999999994
Ret_96,1.446,1.6269,96.39999999999999,38.4
Ret_72,1.3667,1.61,98.4,40.8
Ret_96,1.3679,1.4034,95.5,24.0
Ret_96,1.3883,1.2048,96.2,6.7
Ret_72,1.3963,1.6436,99.2,44.1
Ret_72,1.3857,1.6114,97.8,46.9
Ret_96,1.3741,1.4983,95.3,27.900000000000002
Ret_72,1.3908,1.3399,98.1,24.099999999999998
Ret_72,1.4111,1.4827,99.8,41.6
Ret_72,1.4187,2.0869,96.5,54.50000000000001
Ret_72,1.3773,1.1366,97.6,12.3
Ret_72,1.4335,1.2891,99.5,25.0
Ret_96,1.4516,1.3791,99.8,13.600000000000001
Ret_72,1.3878,1.3789,98.2,38.1
Ret_72,1.763,1.2004,100.0,14.6
Ret_96,1.4091,1.9035,96.8,42.6
Ret_96,1.5221,1.5005,99.7,22.900000000000002
Ret_72,1.4207,1.3651,99.6,28.7
Ret_72,1.4106,1.3339,98.8,27.900000000000002
Ret_72,1.4222,1.9295,97.39999999999999,57.8
Ret_72,1.4206,2.0869,98.3,54.50000000000001
Ret_72,1.3685,1.624,97.2,48.3
Ret_96,1.4626,1.5413,99.9,21.0
Ret_96,1.4371,1.5972,98.8,27.800000000000004
Ret_96,1.3644,1.4037,99.4,15.8
Ret_96,1.3704,1.8684,96.39999999999999,42.5
Ret_96,1.3733,1.5293,99.6,23.9
Ret_96,1.3864,1.3361,99.0,10.7
Ret_96,1.3644,1.4037,99.4,15.8
Ret_72,1.4261,1.4567,99.7,32.0
Ret_96,1.3912,2.2122,98.3,55.1
Ret_96,1.3993,1.3997,99.6,11.899999999999999
Ret_72,1.4002,1.2929,98.3,27.1
Ret_96,1.4642,1.6553,98.3,39.800000000000004
Ret_72,1.3907,1.3036,98.0,25.8
Ret_72,1.4111,1.4827,99.8,41.6
Ret_96,1.3868,2.2597,98.0,43.0
Ret_96,1.3655,1.2171,99.6,1.9
Ret_96,1.3683,1.203,99.4,1.6
Ret_96,1.4072,1.7519,98.0,38.0
Ret_96,1.5005,1.3446,99.9,11.5
Ret_96,1.4003,1.3562,99.7,7.199999999999999
Ret_96,1.4429,1.5084,95.39999999999999,27.1
Ret_72,1.3939,1.4968,99.5,44.5
Ret_72,1.4109,1.7337,98.9,47.3
Ret_96,1.5151,1.3489,99.0,15.299999999999999
Ret_72,1.3872,1.763,99.2,47.8
Ret_72,1.3911,1.4112,99.6,27.800000000000004
Ret_96,1.3731,1.3226,99.3,3.9
Ret_96,1.3794,1.2548,99.6,3.6999999999999997
Ret_72,1.3914,1.5885,98.9,48.0
Ret_72,1.517,1.5942,99.4,46.2
Ret_96,1.4136,1.3912,99.8,11.899999999999999
Ret_96,1.3773,1.1014,90.60000000000001,4.0
Ret_72,1.4207,1.3651,99.6,28.7
Ret_96,1.4642,1.6553,98.3,39.800000000000004
Ret_72,1.4041,1.9403,99.5,45.0
Ret_72,1.4787,1.2753,98.5,25.8
Ret_72,1.3872,1.763,99.2,47.8
Ret_96,1.3865,1.4045,99.7,10.2
Ret_96,1.3625,1.9332,97.39999999999999,38.9
Ret_96,1.4594,1.671,97.89999999999999,33.5
Ret_96,1.3655,1.2171,99.6,1.9
Ret_72,1.3857,1.5888,98.5,49.4
Ret_72,1.3832,1.243,98.0,17.4
Ret_72,1.3879,1.4912,98.5,37.8
Ret_96,1.4626,1.5413,99.9,21.0
Ret_72,1.3805,1.2852,98.8,24.099999999999998
Ret_72,1.3717,1.7012,97.5,49.7
Ret_96,1.3892,1.3226,99.6,3.9
Ret_96,1.3917,1.6491,98.1,26.5
