sym,tf,rule,side,exit,n_oos,fit,sr,skew,kurt,pa,mk_oos_z2,dsr
XAUUSD,H1,dist_swinghigh10_sft >= -0.0085|n_lower_lows20_sft >= 13.0|n,LONG,Ret_72,138,89.0,0.2793866889062413,-0.05457332175444557,2.9257442274041012,True,96.8,0.30571294045887976
XAUUSD,H1,breakout_low50_sft <= 0.0|n_lower_lows20_sft >= 13.0|dist_sw,LONG,Ret_72,130,85.6,0.20337184079290638,-0.051286686307053686,2.796027413998428,True,73.2,0.08854542459760056
XAUUSD,H1,body_atr_sft >= 1.0|lower_wick_sft >= 0.2438|close_pos_sft >,LONG,Ret_72,113,86.85,0.1510346278277193,-0.31932789206899787,3.2476776295215872,True,67.2,0.03784467740720514
XAUUSD,H1,n_lower_lows20_sft >= 12.0|close_pos_sft >= 0.9454|n_higher_,LONG,Ret_96,119,92.1,0.14058401918999044,0.23159828019724918,3.1184324536364127,True,50.3,0.022007788102403798
XAUUSD,H1,lower_wick_sft <= 0.031|gap_down_sft <= ema_89_sft|range_atr,LONG,Ret_96,241,85.6,0.16521381908168192,-0.0356914665606506,6.614319860382124,True,97.5,0.008061836219644175
XAUUSD,H1,lower_wick_sft <= 0.031|n_lower_lows20_sft <= ema_48_sft|ran,LONG,Ret_96,241,84.8,0.16521381908168192,-0.0356914665606506,6.614319860382124,True,97.5,0.008061836219644175
XAUUSD,H1,lower_wick_sft <= 0.031|range_atr_sft >= 0.4315|n_consec_dow,LONG,Ret_96,240,87.05,0.1533048205681913,-0.0327276884545496,6.461460632984588,True,92.5,0.004797710738312193
XAUUSD,H1,body_atr_sft >= 1.0|dist_swinghigh20_sft >= -0.0006|n_lower_,LONG,Ret_48,109,87.5,0.061209706020797,-0.5405859647918445,6.424222105827885,True,42.9,0.0036861915100017983
XAUUSD,H1,body_atr_sft >= 1.0|dist_swinghigh20_sft >= -0.0006|lower_wi,LONG,Ret_48,184,94.05,0.05169629675653957,-0.3691803120052625,5.346400907186706,True,34.1,0.00013485315281613165
XAUUSD,H1,body_atr_sft >= 1.0|n_higher_highs50_sft <= 29.0|dist_swingh,LONG,Ret_48,190,87.85000000000001,0.03562576137770595,-0.46868213886592974,5.639675484624298,True,23.3,4.2843603958536635e-05
XAUUSD,H1,dist_swinghigh20_sft >= -0.0006|close_pos_sft >= 0.8929|body,LONG,Ret_48,197,87.3,0.026854312561126335,-0.41665407993219683,5.180822004292655,True,18.0,1.7798129300890522e-05
XAUUSD,H1,dist_swinghigh10_sft >= -0.0004|body_atr_sft >= 1.0|dist_swi,LONG,Ret_48,178,86.39999999999999,0.006976093846260198,-0.6076298832758555,4.935950505535929,True,12.0,1.2899339890596442e-05
XAUUSD,H1,dist_swinghigh20_sft >= -0.0006|body_atr_sft >= 1.0|breakout,LONG,Ret_48,215,84.85,0.03033112651844582,-0.40372066364189857,5.437692036974269,True,17.8,9.920484588799106e-06
XAUUSD,H1,breakout_high10_sft <= ema_89_sft|dist_swinghigh20_sft >= -0,LONG,Ret_48,215,86.65,0.03033112651844582,-0.40372066364189857,5.437692036974269,True,17.8,9.920484588799106e-06
XAUUSD,H1,body_atr_sft >= 0.6493|dist_swinghigh20_sft >= -0.0006|body_,LONG,Ret_48,215,85.45,0.03033112651844582,-0.40372066364189857,5.437692036974269,True,17.8,9.920484588799106e-06
XAUUSD,H1,candle_dir_sft >= -1.0|dist_swinghigh20_sft >= -0.0006|body_,LONG,Ret_48,215,85.5,0.03033112651844582,-0.40372066364189857,5.437692036974269,True,17.8,9.920484588799106e-06
XAUUSD,H1,body_atr_sft >= 1.0|dist_swinghigh20_sft >= -0.0006|dist_swi,LONG,Ret_48,215,84.8,0.03033112651844582,-0.40372066364189857,5.437692036974269,True,17.8,9.920484588799106e-06
XAUUSD,H1,body_atr_sft >= 1.0|dist_swinghigh20_sft >= -0.0006|dist_swi,LONG,Ret_48,215,85.25,0.03033112651844582,-0.40372066364189857,5.437692036974269,True,17.8,9.920484588799106e-06
XAUUSD,H1,dist_swinglow10_sft >= 0.0055|body_atr_sft >= 1.0|dist_swing,LONG,Ret_48,188,88.5,0.0037450888512750883,-0.4014952460108311,5.179738135320777,True,10.2,6.070273130724344e-06
XAUUSD,H1,gap_down_sft >= 0.0|dist_swinghigh10_sft >= -0.0014|close_po,LONG,Ret_48,436,87.75,0.09121478541867875,-0.09887801382048331,6.322315626152575,True,65.1,7.718784645761423e-07
XAUUSD,H4,dist_swinglow20_sft <= 0.0097|n_lower_lows10_sft <= 5.0|n_co,LONG,Ret_48,41,87.8,0.2346519080852239,0.45973540310516514,3.769614679309196,True,52.7,6.53067311147951e-05
XAUUSD,H4,lower_wick_sft <= 0.1112|breakout_high20_sft >= 0.0|lower_wi,LONG,Ret_96,69,86.05,0.24083507195201592,-0.29095359652772285,3.3009543369636174,True,1.2,2.9362040782291873e-06
XAUUSD,H4,dist_swinghigh10_sft <= ema_13_sft|lower_wick_sft <= 0.1112|,LONG,Ret_96,69,86.0,0.24083507195201592,-0.29095359652772285,3.3009543369636174,True,1.2,2.9362040782291873e-06
XAUUSD,H4,dist_swinghigh20_sft <= ema_48_sft|lower_wick_sft <= 0.1112,LONG,Ret_96,69,86.05,0.24083507195201592,-0.29095359652772285,3.3009543369636174,True,1.2,2.9362040782291873e-06
XAUUSD,H4,gap_up_sft <= ema_144_sft|close_pos_sft <= ema_120_sft|lower,LONG,Ret_96,69,86.1,0.24083507195201592,-0.29095359652772285,3.3009543369636174,True,1.2,2.9362040782291873e-06
XAUUSD,H4,n_lower_lows20_sft <= ema_89_sft|lower_wick_sft <= 0.1112,LONG,Ret_96,69,86.15,0.24083507195201592,-0.29095359652772285,3.3009543369636174,True,1.2,2.9362040782291873e-06
XAUUSD,H4,breakout_low10_sft <= 1.0|lower_wick_sft <= 0.1112,LONG,Ret_96,69,86.15,0.24083507195201592,-0.29095359652772285,3.3009543369636174,True,1.2,2.9362040782291873e-06
XAUUSD,H4,lower_wick_sft <= 0.1112|breakout_high50_sft >= 0.0|close_po,LONG,Ret_96,69,86.6,0.24083507195201592,-0.29095359652772285,3.3009543369636174,True,1.2,2.9362040782291873e-06
XAUUSD,H4,close_pos_sft <= 0.4963|breakout_high50_sft <= 0.0|range_atr,LONG,Ret_72,80,86.5,0.2166361559902552,-0.019803996579970843,3.851888474580365,True,27.9,7.729906030978311e-08
XAUUSD,H4,dist_swinglow10_sft >= 0.0223|n_higher_highs20_sft >= 13.0|n,SHORT,Ret_48,35,90.4,-0.23338481840352743,0.7398193214424122,2.7690568226942105,True,41.5,1.046937841121499e-08
XAUUSD,H4,dist_swinglow10_sft >= 0.0223|n_higher_highs20_sft >= 13.0|d,SHORT,Ret_48,35,90.3,-0.23338481840352743,0.7398193214424122,2.7690568226942105,True,41.5,1.046937841121499e-08
XAUUSD,H4,gap_up_sft >= 0.0|n_higher_highs20_sft >= 13.0|dist_swinglow,SHORT,Ret_48,35,91.3,-0.23338481840352743,0.7398193214424122,2.7690568226942105,True,41.5,1.046937841121499e-08
XAUUSD,H4,n_lower_lows20_sft >= 5.0|n_higher_highs20_sft >= 13.0|dist_,SHORT,Ret_48,33,94.4,-0.4055422806570191,0.473602503178128,2.33702410425528,True,16.7,2.8578107346157956e-10
XAUUSD,H4,n_lower_lows10_sft <= ema_55_sft|n_lower_lows20_sft >= 5.0|n,LONG,Ret_12,270,91.95,0.06518562688298556,-1.4125276478602073,10.108327004101247,True,39.6,3.0182690534772077e-32
XAUUSD,H4,body_ratio_sft <= ema_5_sft|n_lower_lows20_sft >= 5.0|n_lowe,LONG,Ret_12,270,91.30000000000001,0.06518562688298556,-1.4125276478602073,10.108327004101247,True,39.6,3.0182690534772077e-32
XAUUSD,H4,n_lower_lows10_sft >= 3.0|n_lower_lows20_sft >= 5.0|n_higher,LONG,Ret_12,270,89.65,0.06518562688298556,-1.4125276478602073,10.108327004101247,True,39.6,3.0182690534772077e-32
XAUUSD,H4,breakout_low50_sft <= ema_120_sft|n_lower_lows20_sft >= 5.0|,LONG,Ret_12,270,91.2,0.06518562688298556,-1.4125276478602073,10.108327004101247,True,39.6,3.0182690534772077e-32
XAUUSD,H4,gap_up_sft <= ema_13_sft|n_lower_lows20_sft >= 5.0|n_lower_l,LONG,Ret_12,270,90.15,0.06518562688298556,-1.4125276478602073,10.108327004101247,True,39.6,3.0182690534772077e-32
XAUUSD,H4,candle_dir_sft >= -1.0|n_lower_lows10_sft >= 3.0|n_lower_low,LONG,Ret_12,270,91.15,0.06518562688298556,-1.4125276478602073,10.108327004101247,True,39.6,3.0182690534772077e-32
XAUUSD,H4,n_lower_lows10_sft >= 3.0|n_lower_lows20_sft >= 5.0|n_consec,LONG,Ret_12,270,90.60000000000001,0.06518562688298556,-1.4125276478602073,10.108327004101247,True,39.6,3.0182690534772077e-32
